<pkg:manifest root="/" xmlns:pkg="http://marklogic.com/manage/package"><pkg:doc name="1.xml"><pkg:uri>/Default/Logs-REST/rest-api/options/default.xml</pkg:uri><pkg:permission><pkg:capability>read</pkg:capability><pkg:role-name>rest-extension-user</pkg:role-name></pkg:permission><pkg:permission><pkg:capability>update</pkg:capability><pkg:role-name>rest-admin</pkg:role-name></pkg:permission><pkg:kind>xml</pkg:kind><pkg:hash>FAKE-16798323504911540384</pkg:hash><pkg:properties><pkg:last-modified>2015-01-23T15:49:12-08:00</pkg:last-modified></pkg:properties></pkg:doc><pkg:doc name="2.xml"><pkg:uri>/Default/Logs-REST/rest-api/properties.xml</pkg:uri><pkg:permission><pkg:capability>update</pkg:capability><pkg:role-name>rest-admin</pkg:role-name></pkg:permission><pkg:permission><pkg:capability>read</pkg:capability><pkg:role-name>rest-reader</pkg:role-name></pkg:permission><pkg:permission><pkg:capability>update</pkg:capability><pkg:role-name>rest-writer</pkg:role-name></pkg:permission><pkg:kind>xml</pkg:kind><pkg:hash>FAKE-14709975583275480192</pkg:hash><pkg:properties><pkg:last-modified>2015-01-23T15:49:12-08:00</pkg:last-modified></pkg:properties></pkg:doc></pkg:manifest>