<pkg:metadata xmlns:pkg="http://marklogic.com/manage/package"><pkg:package-version>2.0</pkg:package-version><user xmlns="http://marklogic.com/manage/package">admin</user><group xmlns="http://marklogic.com/manage/package">Default</group><host xmlns="http://marklogic.com/manage/package">macpro-2600.hq.marklogic.com</host><timestamp xmlns="http://marklogic.com/manage/package">2015-01-23T15:55:06.617265-08:00</timestamp><platform xmlns="http://marklogic.com/manage/package">macosx</platform></pkg:metadata>